target,target_short,stage,seed,candidate,calibration,weight_mode,mae,rmse,r2,uses_test_labels_for_prediction,diagnostic_uses_conformer_labels
sterimol_B5,B5,oracle_conformer_labels_boltzmann_all_confs,0,sterimol_B5_true_conf,none,boltzmann,0.00041661273117606003,0.0028906444056121055,0.9999966885400312,False,True
sterimol_B5,B5,raw_formula_boltzmann,0,sum_pc_Bmax_all,raw,boltzmann,0.11034617150512056,0.11888217171639201,0.9943990250587098,False,False
sterimol_B5,B5,calibrated_formula_boltzmann,0,sum_pc_Bmax_all,huber,boltzmann,0.025500527733153117,0.04418624424805726,0.9992262434343755,False,False
sterimol_B5,B5,raw_formula_uniform,0,sum_pc_Bmax_all,raw,uniform,0.20324777254387072,0.3102888892615986,0.96184401942802,False,False
sterimol_B5,B5,calibrated_formula_uniform,0,sum_pc_Bmax_all,huber,uniform,0.16656624802892572,0.29428667063967506,0.9656780975319255,False,False
sterimol_B5,B5,oracle_conformer_labels_boltzmann_all_confs,1,sterimol_B5_true_conf,none,boltzmann,0.0004723164758069399,0.0029632840923754,0.9999959256500176,False,True
sterimol_B5,B5,raw_formula_boltzmann,1,sum_pc_Bmax_all,raw,boltzmann,0.10817529255767684,0.11732234746170438,0.9936133481786636,False,False
sterimol_B5,B5,calibrated_formula_boltzmann,1,sum_pc_Bmax_all,huber,boltzmann,0.02811029879522909,0.0463547977285156,0.9990029862835924,False,False
sterimol_B5,B5,raw_formula_uniform,1,sum_pc_Bmax_all,raw,uniform,0.19878782466579736,0.2961003841179628,0.9593191804086428,False,False
sterimol_B5,B5,calibrated_formula_uniform,1,sum_pc_Bmax_all,huber,uniform,0.1675408759111792,0.28699630104729396,0.9617823172314311,False,False
sterimol_B5,B5,oracle_conformer_labels_boltzmann_all_confs,2,sterimol_B5_true_conf,none,boltzmann,0.0001705263197726163,0.0015920461048822543,0.9999991767023182,False,True
sterimol_B5,B5,raw_formula_boltzmann,2,sum_pc_Bmax_all,raw,boltzmann,0.10879094386615991,0.11831019465555906,0.9954533664818176,False,False
sterimol_B5,B5,calibrated_formula_boltzmann,2,sum_pc_Bmax_all,huber,boltzmann,0.02809978731773894,0.048365800561888,0.9992401596139605,False,False
sterimol_B5,B5,raw_formula_uniform,2,sum_pc_Bmax_all,raw,uniform,0.23432667058269893,0.45537448255960544,0.9326429601375357,False,False
sterimol_B5,B5,calibrated_formula_uniform,2,sum_pc_Bmax_all,huber,uniform,0.19557485909058578,0.4524283103189479,0.9335117110208764,False,False
sterimol_B5,B5,oracle_conformer_labels_boltzmann_all_confs,3,sterimol_B5_true_conf,none,boltzmann,0.0004346452389367291,0.003002932443409524,0.99999581481632,False,True
sterimol_B5,B5,raw_formula_boltzmann,3,sum_pc_Bmax_all,raw,boltzmann,0.1057322688153481,0.11654210004738026,0.993696393736842,False,False
sterimol_B5,B5,calibrated_formula_boltzmann,3,sum_pc_Bmax_all,huber,boltzmann,0.03182043312446976,0.05063940583879735,0.9988098530120813,False,False
sterimol_B5,B5,raw_formula_uniform,3,sum_pc_Bmax_all,raw,uniform,0.19265152061997035,0.2853538793571505,0.9622087757394922,False,False
sterimol_B5,B5,calibrated_formula_uniform,3,sum_pc_Bmax_all,huber,uniform,0.15883063236474074,0.2728507534855948,0.965447958400154,False,False
sterimol_B5,B5,oracle_conformer_labels_boltzmann_all_confs,4,sterimol_B5_true_conf,none,boltzmann,0.0003725675204569701,0.00257764487850565,0.9999962815245054,False,True
sterimol_B5,B5,raw_formula_boltzmann,4,sum_pc_Bmax_all,raw,boltzmann,0.10771015763583952,0.11776120642854856,0.9922389005723341,False,False
sterimol_B5,B5,calibrated_formula_boltzmann,4,sum_pc_Bmax_all,huber,boltzmann,0.029758642620488447,0.053319620010389465,0.9984089169610739,False,False
sterimol_B5,B5,raw_formula_uniform,4,sum_pc_Bmax_all,raw,uniform,0.19492612173780793,0.28518006772047627,0.9544847334545873,False,False
sterimol_B5,B5,calibrated_formula_uniform,4,sum_pc_Bmax_all,huber,uniform,0.16669727656785305,0.2781986083995902,0.956685963193338,False,False
sterimol_L,L,oracle_conformer_labels_boltzmann_all_confs,0,sterimol_L_true_conf,none,boltzmann,0.0005867845446813423,0.004218551258668101,0.9999922191657801,False,True
sterimol_L,L,raw_formula_boltzmann,0,sum_pc_Lpos_all,raw,boltzmann,2.581773543882995,2.583088102767612,-1.9172788239240086,False,False
sterimol_L,L,calibrated_formula_boltzmann,0,sum_pc_Lpos_all,huber,boltzmann,0.05166524605575328,0.08172347280351752,0.9970799309024008,False,False
sterimol_L,L,raw_formula_uniform,0,sum_pc_Lpos_all,raw,uniform,2.502953025729044,2.5669939369572408,-1.881039330359406,False,False
sterimol_L,L,calibrated_formula_uniform,0,sum_pc_Lpos_all,huber,uniform,0.3423670284770848,0.5699789972603689,0.8579578598492981,False,False
sterimol_L,L,oracle_conformer_labels_boltzmann_all_confs,1,sterimol_L_true_conf,none,boltzmann,0.00044794176411463234,0.0036290493978522113,0.9999923991262332,False,True
sterimol_L,L,raw_formula_boltzmann,1,sum_pc_Lpos_all,raw,boltzmann,2.5806231674980302,2.5821907318522563,-2.8481713013700625,False,False
sterimol_L,L,calibrated_formula_boltzmann,1,sum_pc_Lpos_all,huber,boltzmann,0.05263290331156274,0.08950210623825197,0.9953767830718131,False,False
sterimol_L,L,raw_formula_uniform,1,sum_pc_Lpos_all,raw,uniform,2.4598879400762423,2.5116010013650394,-2.6406510578216613,False,False
sterimol_L,L,calibrated_formula_uniform,1,sum_pc_Lpos_all,huber,uniform,0.3240288197503641,0.5164116473142843,0.8460889438800248,False,False
sterimol_L,L,oracle_conformer_labels_boltzmann_all_confs,2,sterimol_L_true_conf,none,boltzmann,0.00011276601762379661,0.0008801069211958349,0.9999996665625988,False,True
sterimol_L,L,raw_formula_boltzmann,2,sum_pc_Lpos_all,raw,boltzmann,2.58357498508255,2.5850256110865226,-1.8765580341057113,False,False
sterimol_L,L,calibrated_formula_boltzmann,2,sum_pc_Lpos_all,huber,boltzmann,0.05004556865690537,0.0868268332908278,0.9967547260499882,False,False
sterimol_L,L,raw_formula_uniform,2,sum_pc_Lpos_all,raw,uniform,2.4468936225907942,2.5187688056967907,-1.730989635416885,False,False
sterimol_L,L,calibrated_formula_uniform,2,sum_pc_Lpos_all,huber,uniform,0.365678822577698,0.6117740179819936,0.8388888873345373,False,False
sterimol_L,L,oracle_conformer_labels_boltzmann_all_confs,3,sterimol_L_true_conf,none,boltzmann,0.00048811524991774683,0.003955718790048668,0.9999909597956268,False,True
sterimol_L,L,raw_formula_boltzmann,3,sum_pc_Lpos_all,raw,boltzmann,2.5784035998221286,2.5799759475533723,-2.8455524803774277,False,False
sterimol_L,L,calibrated_formula_boltzmann,3,sum_pc_Lpos_all,huber,boltzmann,0.05684547491671669,0.08917923727615566,0.9954053235389343,False,False
sterimol_L,L,raw_formula_uniform,3,sum_pc_Lpos_all,raw,uniform,2.4610954146510258,2.500825173206799,-2.613217398560149,False,False
sterimol_L,L,calibrated_formula_uniform,3,sum_pc_Lpos_all,huber,uniform,0.2951439457617252,0.45612387242496477,0.8798031645308187,False,False
sterimol_L,L,oracle_conformer_labels_boltzmann_all_confs,4,sterimol_L_true_conf,none,boltzmann,0.0002789082307590287,0.002062206059360572,0.9999974560367674,False,True
sterimol_L,L,raw_formula_boltzmann,4,sum_pc_Lpos_all,raw,boltzmann,2.5820019083363888,2.583594351591833,-2.992963734700563,False,False
sterimol_L,L,calibrated_formula_boltzmann,4,sum_pc_Lpos_all,huber,boltzmann,0.05389896273989558,0.09045001937948981,0.9951059991377944,False,False
sterimol_L,L,raw_formula_uniform,4,sum_pc_Lpos_all,raw,uniform,2.4659155257771883,2.5121150724084327,-2.7750766278243937,False,False
sterimol_L,L,calibrated_formula_uniform,4,sum_pc_Lpos_all,huber,uniform,0.3220990703934711,0.48325874538572544,0.8602968633322354,False,False
sterimol_burB5,BurB5,oracle_conformer_labels_boltzmann_all_confs,0,sterimol_burB5_true_conf,none,boltzmann,0.00017486699823244048,0.001222700996254475,0.9999974093438196,False,True
sterimol_burB5,BurB5,raw_formula_boltzmann,0,sum_pc_R4.4_touch_Bmax,raw,boltzmann,0.10700841672888495,0.17711079371435484,0.945642521116153,False,False
sterimol_burB5,BurB5,calibrated_formula_boltzmann,0,sum_pc_R4.4_touch_Bmax,huber,boltzmann,0.0835466796809178,0.16216623545666153,0.9544288364594427,False,False
sterimol_burB5,BurB5,raw_formula_uniform,0,sum_pc_R4.4_touch_Bmax,raw,uniform,0.15788589330520506,0.24071910310561123,0.8995869033919864,False,False
sterimol_burB5,BurB5,calibrated_formula_uniform,0,sum_pc_R4.4_touch_Bmax,huber,uniform,0.14266101125581274,0.231680821244645,0.9069857657359212,False,False
sterimol_burB5,BurB5,oracle_conformer_labels_boltzmann_all_confs,1,sterimol_burB5_true_conf,none,boltzmann,0.00022630936696325054,0.0016482292656741584,0.9999953394707632,False,True
sterimol_burB5,BurB5,raw_formula_boltzmann,1,sum_pc_R4.4_touch_Bmax,raw,boltzmann,0.13234549841241697,0.21641240846657311,0.9196539906068631,False,False
sterimol_burB5,BurB5,calibrated_formula_boltzmann,1,sum_pc_R4.4_touch_Bmax,huber,boltzmann,0.10948511570002033,0.20143487680643019,0.9303903694041057,False,False
sterimol_burB5,BurB5,raw_formula_uniform,1,sum_pc_R4.4_touch_Bmax,raw,uniform,0.18528492234345226,0.2855373258787538,0.8601296149758031,False,False
sterimol_burB5,BurB5,calibrated_formula_uniform,1,sum_pc_R4.4_touch_Bmax,huber,uniform,0.17209153909367575,0.27778437974567577,0.8676220545071638,False,False
sterimol_burB5,BurB5,oracle_conformer_labels_boltzmann_all_confs,2,sterimol_burB5_true_conf,none,boltzmann,5.1860712672968906e-05,0.00034821676960647007,0.9999998023716249,False,True
sterimol_burB5,BurB5,raw_formula_boltzmann,2,sum_pc_R4.4_touch_Bmax,raw,boltzmann,0.1124977576392389,0.17271778190338863,0.9513789829172653,False,False
sterimol_burB5,BurB5,calibrated_formula_boltzmann,2,sum_pc_R4.4_touch_Bmax,huber,boltzmann,0.09102711793125765,0.15995867176283549,0.958297171321624,False,False
sterimol_burB5,BurB5,raw_formula_uniform,2,sum_pc_R4.4_touch_Bmax,raw,uniform,0.16004846517662794,0.25213562841703047,0.8963860160205394,False,False
sterimol_burB5,BurB5,calibrated_formula_uniform,2,sum_pc_R4.4_touch_Bmax,huber,uniform,0.14733911646835335,0.24572940281154199,0.9015843453273715,False,False
sterimol_burB5,BurB5,oracle_conformer_labels_boltzmann_all_confs,3,sterimol_burB5_true_conf,none,boltzmann,0.00021427890275263137,0.0014048079631269047,0.9999964244108783,False,True
sterimol_burB5,BurB5,raw_formula_boltzmann,3,sum_pc_R4.4_touch_Bmax,raw,boltzmann,0.11428026178252752,0.19625825993377635,0.9302137961746183,False,False
sterimol_burB5,BurB5,calibrated_formula_boltzmann,3,sum_pc_R4.4_touch_Bmax,huber,boltzmann,0.09003325280243264,0.18094307077655697,0.9406804839187215,False,False
sterimol_burB5,BurB5,raw_formula_uniform,3,sum_pc_R4.4_touch_Bmax,raw,uniform,0.17236014277749975,0.2661331250114745,0.8716749170064824,False,False
sterimol_burB5,BurB5,calibrated_formula_uniform,3,sum_pc_R4.4_touch_Bmax,huber,uniform,0.160533420747449,0.26053829423912034,0.8770136769429135,False,False
sterimol_burB5,BurB5,oracle_conformer_labels_boltzmann_all_confs,4,sterimol_burB5_true_conf,none,boltzmann,0.00019853779519159913,0.0014496388930489183,0.9999948837469101,False,True
sterimol_burB5,BurB5,raw_formula_boltzmann,4,sum_pc_R4.4_touch_Bmax,raw,boltzmann,0.11366129172916689,0.19066579434917968,0.9114929370034531,False,False
sterimol_burB5,BurB5,calibrated_formula_boltzmann,4,sum_pc_R4.4_touch_Bmax,huber,boltzmann,0.09483617873096105,0.1760496918081136,0.9245424164200586,False,False
sterimol_burB5,BurB5,raw_formula_uniform,4,sum_pc_R4.4_touch_Bmax,raw,uniform,0.16943835993524176,0.24458281644782473,0.8543588033504421,False,False
sterimol_burB5,BurB5,calibrated_formula_uniform,4,sum_pc_R4.4_touch_Bmax,huber,uniform,0.1609541197615767,0.24023433862718274,0.8594915235863937,False,False
sterimol_burL,BurL,oracle_conformer_labels_boltzmann_all_confs,0,sterimol_burL_true_conf,none,boltzmann,0.00011818589912493654,0.000564141872282485,0.9999978293046351,False,True
sterimol_burL,BurL,raw_formula_boltzmann,0,sum_pc_R2.7_touch_Lpos,raw,boltzmann,2.6675904239841013,2.6707007264581795,-47.64885878055902,False,False
sterimol_burL,BurL,calibrated_formula_boltzmann,0,sum_pc_R2.7_touch_Lpos,isotonic,boltzmann,0.05271958357999775,0.09007479324232821,0.944661325097686,False,False
sterimol_burL,BurL,raw_formula_uniform,0,sum_pc_R2.7_touch_Lpos,raw,uniform,2.5997770869253816,2.6124337408615124,-45.54925946209777,False,False
sterimol_burL,BurL,calibrated_formula_uniform,0,sum_pc_R2.7_touch_Lpos,isotonic,uniform,0.1556036767129853,0.2232040091427028,0.6601977972032396,False,False
sterimol_burL,BurL,oracle_conformer_labels_boltzmann_all_confs,1,sterimol_burL_true_conf,none,boltzmann,9.305903342607257e-05,0.000532038514659509,0.9999981047095488,False,True
sterimol_burL,BurL,raw_formula_boltzmann,1,sum_pc_R2.7_touch_Lpos,raw,boltzmann,2.6743534021441757,2.6779721619631562,-47.01774336481237,False,False
sterimol_burL,BurL,calibrated_formula_boltzmann,1,sum_pc_R2.7_touch_Lpos,isotonic,boltzmann,0.06421278092588802,0.11502651642628112,0.9114098239557066,False,False
sterimol_burL,BurL,raw_formula_uniform,1,sum_pc_R2.7_touch_Lpos,raw,uniform,2.592949360482916,2.6056627593393253,-44.459645203795674,False,False
sterimol_burL,BurL,calibrated_formula_uniform,1,sum_pc_R2.7_touch_Lpos,isotonic,uniform,0.16464588570595493,0.23379005887642446,0.6340331814799391,False,False
sterimol_burL,BurL,oracle_conformer_labels_boltzmann_all_confs,2,sterimol_burL_true_conf,none,boltzmann,5.9901366331460813e-05,0.0004035184412058882,0.9999989379767514,False,True
sterimol_burL,BurL,raw_formula_boltzmann,2,sum_pc_R2.7_touch_Lpos,raw,boltzmann,2.672305587658803,2.675747418418437,-45.69791385259476,False,False
sterimol_burL,BurL,calibrated_formula_boltzmann,2,sum_pc_R2.7_touch_Lpos,isotonic,boltzmann,0.0542895455754584,0.09556336117516506,0.9404351458967471,False,False
sterimol_burL,BurL,raw_formula_uniform,2,sum_pc_R2.7_touch_Lpos,raw,uniform,2.5920693049205994,2.6039016743590704,-43.22383603859709,False,False
sterimol_burL,BurL,calibrated_formula_uniform,2,sum_pc_R2.7_touch_Lpos,isotonic,uniform,0.15640528591080072,0.2171421284841524,0.6924643758217573,False,False
sterimol_burL,BurL,oracle_conformer_labels_boltzmann_all_confs,3,sterimol_burL_true_conf,none,boltzmann,0.00011597822195102666,0.0007022193892218899,0.9999962326216507,False,True
sterimol_burL,BurL,raw_formula_boltzmann,3,sum_pc_R2.7_touch_Lpos,raw,boltzmann,2.668817413876105,2.672281313872109,-53.55793873623583,False,False
sterimol_burL,BurL,calibrated_formula_boltzmann,3,sum_pc_R2.7_touch_Lpos,isotonic,boltzmann,0.0536169212448791,0.08791318308176464,0.9409524865349157,False,False
sterimol_burL,BurL,raw_formula_uniform,3,sum_pc_R2.7_touch_Lpos,raw,uniform,2.5982021741555,2.607800171000023,-50.956779404772035,False,False
sterimol_burL,BurL,calibrated_formula_uniform,3,sum_pc_R2.7_touch_Lpos,isotonic,uniform,0.13785296832924268,0.19091658987089,0.721528380208768,False,False
sterimol_burL,BurL,oracle_conformer_labels_boltzmann_all_confs,4,sterimol_burL_true_conf,none,boltzmann,8.181300433323588e-05,0.0005723289689966151,0.9999970687450723,False,True
sterimol_burL,BurL,raw_formula_boltzmann,4,sum_pc_R2.7_touch_Lpos,raw,boltzmann,2.6749651830446326,2.6790280498945718,-63.226854682459134,False,False
sterimol_burL,BurL,calibrated_formula_boltzmann,4,sum_pc_R2.7_touch_Lpos,isotonic,boltzmann,0.05862251264283829,0.10825520100250262,0.8951279701233624,False,False
sterimol_burL,BurL,raw_formula_uniform,4,sum_pc_R2.7_touch_Lpos,raw,uniform,2.598908893704514,2.61195012106327,-60.05087477022872,False,False
sterimol_burL,BurL,calibrated_formula_uniform,4,sum_pc_R2.7_touch_Lpos,isotonic,uniform,0.15899922137813483,0.23177733625894983,0.5192668538232861,False,False
